epoch,train_loss,val_loss,AUC,AP,lr
1,0.612927,0.620528,0.501534,0.308930,3.000000e-04
2,0.611303,0.614597,0.498179,0.301569,3.000000e-04
3,0.610913,0.614485,0.499240,0.303327,3.000000e-04
4,0.610756,0.614879,0.502265,0.304908,3.000000e-04
5,0.610815,0.614837,0.492637,0.301547,3.000000e-04
6,0.610838,0.614362,0.504932,0.307200,3.000000e-04
